Watchtower ONLINE NGA LIBRARYA Watchtower ONLINE NGA LIBRARYA	https://wol.jw.org/ceb/wol/h/r101/lp-cv
Cebuano	https://wol.jw.org/ceb/wol/li/r101/lp-cv
BIBLIYA	https://wol.jw.org/ceb/wol/binav/r101/lp-cv
PUBLIKASYON	https://wol.jw.org/ceb/wol/library/r101/lp-cv/tanang-publikasyon
MGA TIGOM	https://wol.jw.org/ceb/wol/meetings/r101/lp-cv
Efe. 4:8	https://wol.jw.org/ceb/wol/bc/r101/lp-cv/1102026201/89/0
Luc. 9:​12-17	https://wol.jw.org/ceb/wol/bc/r101/lp-cv/1102026201/90/0
Juan 15:13	https://wol.jw.org/ceb/wol/bc/r101/lp-cv/1102026201/91/0
Juan 14:​16, 17	https://wol.jw.org/ceb/wol/bc/r101/lp-cv/1102026201/92/0
16:13	https://wol.jw.org/ceb/wol/bc/r101/lp-cv/1102026201/93/0
Mat. 28:​18-20	https://wol.jw.org/ceb/wol/bc/r101/lp-cv/1102026201/94/0
Efe. 4:​7, 8	https://wol.jw.org/ceb/wol/bc/r101/lp-cv/1102026201/95/0
Efe. 1:​22, 23;	https://wol.jw.org/ceb/wol/bc/r101/lp-cv/1102026201/96/0
4:​11-13	https://wol.jw.org/ceb/wol/bc/r101/lp-cv/1102026201/96/1
Sant. 3:2	https://wol.jw.org/ceb/wol/bc/r101/lp-cv/1102026201/97/0
w24.10 18 ¶1-2	https://wol.jw.org/ceb/wol/pc/r101/lp-cv/1102026201/25/0
Pagsusi sa Kasulatan sa Adlaw-Adlaw—2026	https://wol.jw.org/ceb/wol/d/r101/lp-cv/1102026201#h=77:0-80:0
Prov. 2:11	https://wol.jw.org/ceb/wol/bc/r101/lp-cv/1102026201/98/0
1 Hari 11:​9, 10;	https://wol.jw.org/ceb/wol/bc/r101/lp-cv/1102026201/99/0
12:4	https://wol.jw.org/ceb/wol/bc/r101/lp-cv/1102026201/99/1
Sal. 1:​1-3	https://wol.jw.org/ceb/wol/bc/r101/lp-cv/1102026201/100/0
Prov. 2:​6, 7;	https://wol.jw.org/ceb/wol/bc/r101/lp-cv/1102026201/101/0
Sant. 1:5	https://wol.jw.org/ceb/wol/bc/r101/lp-cv/1102026201/101/1
Prov. 2:​10, 11	https://wol.jw.org/ceb/wol/bc/r101/lp-cv/1102026201/102/0
w24.11 10-11 ¶11-12	https://wol.jw.org/ceb/wol/pc/r101/lp-cv/1102026201/26/0
Pagsusi sa Kasulatan sa Adlaw-Adlaw—2026	https://wol.jw.org/ceb/wol/d/r101/lp-cv/1102026201#h=80:0-83:0
1 Tes. 5:21	https://wol.jw.org/ceb/wol/bc/r101/lp-cv/1102026201/103/0
2 Hari 3:​4, 5	https://wol.jw.org/ceb/wol/bc/r101/lp-cv/1102026201/104/0
w24.12 15 ¶4,	https://wol.jw.org/ceb/wol/pc/r101/lp-cv/1102026201/27/0
6	https://wol.jw.org/ceb/wol/pc/r101/lp-cv/1102026201/27/1
Pagsusi sa Kasulatan sa Adlaw-Adlaw—2026	https://wol.jw.org/ceb/wol/d/r101/lp-cv/1102026201#h=83:0-86:0
Setting	https://wol.jw.org/ceb/wol/pref/r101/lp-cv?url=%2Fceb%2Fwol%2Fh%2Fr101%2Flp-cv
